datetime,store,weekday,sales,products_sold,clients_that_bought,year,month,day
2018-01-10,274,Wednesday,-14,0,-2,2018,1,10
2018-01-19,274,Friday,-5,0,-1,2018,1,19
2018-01-22,274,Monday,-10,0,-2,2018,1,22
2018-01-26,274,Friday,-5,0,-1,2018,1,26
2018-02-02,274,Friday,-1,0,-1,2018,2,2
2018-02-05,274,Monday,-9,0,-1,2018,2,5
2018-02-09,274,Friday,-4,0,-1,2018,2,9
2018-02-12,274,Monday,-5,0,-1,2018,2,12
2018-02-13,274,Tuesday,-5,0,-1,2018,2,13
2018-02-14,274,Wednesday,-3,0,-1,2018,2,14
2018-02-15,274,Thursday,-7,0,-1,2018,2,15
2018-02-18,274,Sunday,-7,0,-1,2018,2,18
2018-02-21,274,Wednesday,-31,0,-1,2018,2,21
2018-02-22,274,Thursday,-1,0,-1,2018,2,22
2018-02-23,274,Friday,-8,0,-1,2018,2,23
2018-02-28,274,Wednesday,-20,0,-1,2018,2,28
2018-03-05,274,Monday,-16,0,-2,2018,3,5
2018-03-15,274,Thursday,-9,0,-1,2018,3,15
2018-03-17,274,Saturday,-10,0,-2,2018,3,17
2018-03-19,274,Monday,-8,0,-1,2018,3,19
2018-03-23,274,Friday,-19,0,-1,2018,3,23
2018-03-31,274,Saturday,-17,0,-2,2018,3,31
2018-04-03,274,Tuesday,-4,0,-1,2018,4,3
2018-04-11,274,Wednesday,19235,4936,801,2018,4,11
2018-04-12,274,Thursday,22083,5743,805,2018,4,12
2018-04-13,274,Friday,25424,6784,856,2018,4,13
2018-04-14,274,Saturday,22325,5576,703,2018,4,14
2018-04-15,274,Sunday,9528,2246,245,2018,4,15
2018-04-16,274,Monday,19804,5100,758,2018,4,16
2018-04-17,274,Tuesday,21409,5627,772,2018,4,17
2018-04-18,274,Wednesday,18164,4619,771,2018,4,18
2018-04-19,274,Thursday,23382,6085,829,2018,4,19
2018-04-20,274,Friday,25581,6923,866,2018,4,20
2018-04-21,274,Saturday,17184,4328,553,2018,4,21
2018-04-22,274,Sunday,10738,2569,277,2018,4,22
2018-04-23,274,Monday,19267,4784,709,2018,4,23
2018-04-24,274,Tuesday,22546,5725,800,2018,4,24
2018-04-25,274,Wednesday,17814,4775,815,2018,4,25
2018-04-26,274,Thursday,21443,5555,792,2018,4,26
2018-04-27,274,Friday,24812,6259,819,2018,4,27
2018-04-28,274,Saturday,21808,5201,680,2018,4,28
2018-04-29,274,Sunday,7945,2065,254,2018,4,29
2018-04-30,274,Monday,20597,4976,680,2018,4,30
2018-05-01,274,Tuesday,9011,2291,254,2018,5,1
2018-05-02,274,Wednesday,19479,5238,822,2018,5,2
2018-05-03,274,Thursday,23734,6587,849,2018,5,3
2018-05-04,274,Friday,24663,6750,876,2018,5,4
2018-05-05,274,Saturday,21819,5634,719,2018,5,5
2018-05-06,274,Sunday,10587,2658,286,2018,5,6
2018-05-07,274,Monday,22926,5802,793,2018,5,7
2018-05-08,274,Tuesday,22998,5674,846,2018,5,8
2018-05-09,274,Wednesday,19397,5044,826,2018,5,9
2018-05-10,274,Thursday,23977,5997,835,2018,5,10
2018-05-11,274,Friday,23252,5991,839,2018,5,11
2018-05-12,274,Saturday,24402,6202,764,2018,5,12
2018-05-13,274,Sunday,9861,2260,276,2018,5,13
2018-05-14,274,Monday,20585,5184,733,2018,5,14
2018-05-15,274,Tuesday,22916,5824,828,2018,5,15
2018-05-16,274,Wednesday,18864,4841,822,2018,5,16
2018-05-17,274,Thursday,21912,5932,820,2018,5,17
2018-05-18,274,Friday,23239,6127,876,2018,5,18
2018-05-19,274,Saturday,20457,5354,673,2018,5,19
2018-05-20,274,Sunday,9079,2318,266,2018,5,20
2018-05-21,274,Monday,19461,4825,664,2018,5,21
2018-05-22,274,Tuesday,22313,5835,831,2018,5,22
2018-05-23,274,Wednesday,19097,5056,836,2018,5,23
2018-05-24,274,Thursday,27246,7005,895,2018,5,24
2018-05-25,274,Friday,26126,6809,890,2018,5,25
2018-05-26,274,Saturday,23173,5815,701,2018,5,26
2018-05-27,274,Sunday,8860,2334,285,2018,5,27
2018-05-28,274,Monday,21077,5394,781,2018,5,28
2018-05-29,274,Tuesday,19526,4845,765,2018,5,29
2018-05-30,274,Wednesday,15129,3818,712,2018,5,30
2018-05-31,274,Thursday,13406,3233,438,2018,5,31
2018-06-01,274,Friday,20672,5021,735,2018,6,1
2018-06-02,274,Saturday,19288,4885,653,2018,6,2
2018-06-03,274,Sunday,7486,1899,210,2018,6,3
2018-06-04,274,Monday,20658,5111,744,2018,6,4
2018-06-05,274,Tuesday,20375,5112,739,2018,6,5
2018-06-06,274,Wednesday,18178,4569,816,2018,6,6
2018-06-07,274,Thursday,21284,5417,797,2018,6,7
2018-06-08,274,Friday,25190,6327,901,2018,6,8
2018-06-09,274,Saturday,22802,5743,707,2018,6,9
2018-06-10,274,Sunday,9185,2215,249,2018,6,10
2018-06-11,274,Monday,21566,5223,782,2018,6,11
2018-06-12,274,Tuesday,20704,5048,787,2018,6,12
2018-06-13,274,Wednesday,17741,4463,774,2018,6,13
2018-06-14,274,Thursday,24044,6295,881,2018,6,14
2018-06-15,274,Friday,22699,5486,786,2018,6,15
2018-06-16,274,Saturday,22507,5218,711,2018,6,16
2018-06-17,274,Sunday,12364,2974,304,2018,6,17
2018-06-18,274,Monday,22175,5503,745,2018,6,18
2018-06-19,274,Tuesday,22266,5419,828,2018,6,19
2018-06-20,274,Wednesday,20228,5084,893,2018,6,20
2018-06-21,274,Thursday,24008,6230,906,2018,6,21
2018-06-22,274,Friday,20430,5139,665,2018,6,22
2018-06-23,274,Saturday,22800,5590,730,2018,6,23
2018-06-24,274,Sunday,8931,2257,250,2018,6,24
2018-06-25,274,Monday,23009,5626,854,2018,6,25
2018-06-26,274,Tuesday,23105,5806,852,2018,6,26
2018-06-27,274,Wednesday,20095,5134,804,2018,6,27
2018-06-28,274,Thursday,25203,5972,821,2018,6,28
2018-06-29,274,Friday,25165,6384,874,2018,6,29
2018-06-30,274,Saturday,22460,5672,748,2018,6,30
2018-07-01,274,Sunday,8481,2078,250,2018,7,1
2018-07-02,274,Monday,22172,5211,731,2018,7,2
2018-07-03,274,Tuesday,20312,5077,773,2018,7,3
2018-07-04,274,Wednesday,20377,5070,829,2018,7,4
2018-07-05,274,Thursday,24200,6208,823,2018,7,5
2018-07-06,274,Friday,23250,6432,776,2018,7,6
2018-07-07,274,Saturday,21182,5375,669,2018,7,7
2018-07-08,274,Sunday,8768,2146,259,2018,7,8
2018-07-09,274,Monday,12186,3081,397,2018,7,9
2018-07-10,274,Tuesday,22971,5600,803,2018,7,10
2018-07-11,274,Wednesday,17650,4420,752,2018,7,11
2018-07-12,274,Thursday,20017,5170,786,2018,7,12
2018-07-13,274,Friday,25889,6445,855,2018,7,13
2018-07-14,274,Saturday,23684,5847,753,2018,7,14
2018-07-15,274,Sunday,10069,2471,265,2018,7,15
2018-07-16,274,Monday,22613,5354,800,2018,7,16
2018-07-17,274,Tuesday,22476,5579,822,2018,7,17
2018-07-18,274,Wednesday,20073,5095,815,2018,7,18
2018-07-19,274,Thursday,22103,5845,859,2018,7,19
2018-07-20,274,Friday,25305,6667,894,2018,7,20
2018-07-21,274,Saturday,19879,5023,700,2018,7,21
2018-07-22,274,Sunday,10498,2635,276,2018,7,22
2018-07-23,274,Monday,24018,5711,853,2018,7,23
2018-07-24,274,Tuesday,23132,5788,865,2018,7,24
2018-07-25,274,Wednesday,20838,5426,904,2018,7,25
2018-07-26,274,Thursday,24879,6409,898,2018,7,26
2018-07-27,274,Friday,24284,6030,861,2018,7,27
2018-07-28,274,Saturday,22516,5770,746,2018,7,28
2018-07-29,274,Sunday,8461,2186,247,2018,7,29
2018-07-30,274,Monday,21998,5431,799,2018,7,30
2018-07-31,274,Tuesday,23373,5793,860,2018,7,31
2018-10-01,274,Monday,23511,5546,792,2018,10,1
2018-10-02,274,Tuesday,24506,5855,834,2018,10,2
2018-10-03,274,Wednesday,22035,5461,900,2018,10,3
2018-10-04,274,Thursday,27626,6929,926,2018,10,4
2018-10-05,274,Friday,30708,7426,958,2018,10,5
2018-10-06,274,Saturday,25447,6137,823,2018,10,6
2018-10-07,274,Sunday,13824,3302,419,2018,10,7
2018-10-08,274,Monday,23542,5403,749,2018,10,8
2018-10-09,274,Tuesday,24183,5776,824,2018,10,9
2018-10-10,274,Wednesday,22039,5550,867,2018,10,10
2018-10-11,274,Thursday,27151,6722,924,2018,10,11
2018-10-12,274,Friday,19779,4793,588,2018,10,12
2018-10-13,274,Saturday,20787,5119,667,2018,10,13
2018-10-14,274,Sunday,15494,3566,442,2018,10,14
2018-10-15,274,Monday,23912,5683,792,2018,10,15
2018-10-16,274,Tuesday,23309,5699,848,2018,10,16
2018-10-17,274,Wednesday,19158,4942,871,2018,10,17
2018-10-18,274,Thursday,25492,6320,918,2018,10,18
2018-10-19,274,Friday,27358,6626,929,2018,10,19
2018-10-20,274,Saturday,24996,5831,804,2018,10,20
2018-10-21,274,Sunday,16076,3551,473,2018,10,21
2018-10-22,274,Monday,24041,5578,842,2018,10,22
2018-10-23,274,Tuesday,24353,5917,924,2018,10,23
2018-10-24,274,Wednesday,17346,4526,759,2018,10,24
2018-10-25,274,Thursday,26633,6613,880,2018,10,25
2018-10-26,274,Friday,26332,6807,940,2018,10,26
2018-10-27,274,Saturday,23339,5571,756,2018,10,27
2018-10-28,274,Sunday,15995,3860,464,2018,10,28
2018-10-29,274,Monday,23719,5805,824,2018,10,29
2018-10-30,274,Tuesday,22506,5923,821,2018,10,30
2018-10-31,274,Wednesday,21554,5613,899,2018,10,31
2018-11-01,274,Thursday,28145,7244,933,2018,11,1
2018-11-02,274,Friday,20122,4950,573,2018,11,2
2018-11-03,274,Saturday,22644,5519,740,2018,11,3
2018-11-04,274,Sunday,14676,3479,401,2018,11,4
2018-11-05,274,Monday,23817,5649,827,2018,11,5
2018-11-06,274,Tuesday,24484,5846,845,2018,11,6
2018-11-07,274,Wednesday,20329,5031,883,2018,11,7
2018-11-08,274,Thursday,27736,6940,935,2018,11,8
2018-11-09,274,Friday,27973,6602,941,2018,11,9
2018-11-10,274,Saturday,24427,6163,798,2018,11,10
2018-11-11,274,Sunday,16791,3933,518,2018,11,11
2018-11-12,274,Monday,23837,5926,847,2018,11,12
2018-11-13,274,Tuesday,21964,5557,848,2018,11,13
2018-11-14,274,Wednesday,24479,6091,989,2018,11,14
2018-11-15,274,Thursday,18937,4563,559,2018,11,15
2018-11-16,274,Friday,24489,6056,840,2018,11,16
2018-11-17,274,Saturday,19764,4969,661,2018,11,17
2018-11-18,274,Sunday,12010,2949,372,2018,11,18
2018-11-19,274,Monday,20579,4940,713,2018,11,19
2018-11-20,274,Tuesday,18392,4440,597,2018,11,20
2018-11-21,274,Wednesday,22333,5378,879,2018,11,21
2018-11-22,274,Thursday,28251,7083,977,2018,11,22
2018-11-23,274,Friday,25641,6377,825,2018,11,23
2018-11-24,274,Saturday,22627,5421,752,2018,11,24
2018-11-25,274,Sunday,19638,4452,516,2018,11,25
2018-11-26,274,Monday,21821,5336,747,2018,11,26
2018-11-27,274,Tuesday,21555,5286,840,2018,11,27
2018-11-28,274,Wednesday,21966,5443,890,2018,11,28
2018-11-29,274,Thursday,23107,5825,839,2018,11,29
2018-11-30,274,Friday,26434,6232,874,2018,11,30
2018-12-01,274,Saturday,23410,5676,767,2018,12,1
2018-12-02,274,Sunday,18225,3976,497,2018,12,2
2018-12-03,274,Monday,23847,5587,820,2018,12,3
2018-12-04,274,Tuesday,25230,5983,860,2018,12,4
2018-12-05,274,Wednesday,20621,5218,881,2018,12,5
2018-12-06,274,Thursday,26186,6314,924,2018,12,6
2018-12-07,274,Friday,27855,6938,975,2018,12,7
2018-12-08,274,Saturday,23720,5604,763,2018,12,8
2018-12-09,274,Sunday,18415,4193,494,2018,12,9
2018-12-10,274,Monday,25045,5673,847,2018,12,10
2018-12-11,274,Tuesday,24741,5903,887,2018,12,11
2018-12-12,274,Wednesday,21838,5545,934,2018,12,12
2018-12-13,274,Thursday,25662,6309,890,2018,12,13
2018-12-14,274,Friday,26940,6495,933,2018,12,14
2018-12-15,274,Saturday,25726,6183,799,2018,12,15
2018-12-16,274,Sunday,16171,3841,562,2018,12,16
2018-12-17,274,Monday,26228,6146,880,2018,12,17
2018-12-18,274,Tuesday,24687,5784,889,2018,12,18
2018-12-19,274,Wednesday,22179,5125,866,2018,12,19
2018-12-20,274,Thursday,27029,6713,901,2018,12,20
2018-12-21,274,Friday,28216,6678,899,2018,12,21
2018-12-22,274,Saturday,24051,5715,740,2018,12,22
2018-12-23,274,Sunday,21959,4837,606,2018,12,23
2018-12-24,274,Monday,24221,5597,720,2018,12,24
2018-12-26,274,Wednesday,18511,4626,765,2018,12,26
2018-12-27,274,Thursday,23522,5580,819,2018,12,27
2018-12-28,274,Friday,20760,5106,719,2018,12,28
2018-12-29,274,Saturday,18579,4486,605,2018,12,29
2018-12-30,274,Sunday,14161,3219,387,2018,12,30
2018-12-31,274,Monday,17639,4372,547,2018,12,31
2019-01-02,274,Wednesday,17657,4295,686,2019,1,2
2019-01-03,274,Thursday,20427,5037,712,2019,1,3
2019-01-04,274,Friday,20875,5199,714,2019,1,4
2019-01-05,274,Saturday,22390,5437,689,2019,1,5
2019-01-06,274,Sunday,15204,3669,447,2019,1,6
2019-01-07,274,Monday,22149,5195,790,2019,1,7
2019-01-08,274,Tuesday,22581,5477,817,2019,1,8
2019-01-09,274,Wednesday,18460,4731,816,2019,1,9
2019-01-10,274,Thursday,24039,6108,848,2019,1,10
2019-01-11,274,Friday,23164,5616,777,2019,1,11
2019-01-12,274,Saturday,23218,5792,762,2019,1,12
2019-01-13,274,Sunday,15533,3801,461,2019,1,13
2019-01-14,274,Monday,20775,4962,750,2019,1,14
2019-01-15,274,Tuesday,23316,5619,832,2019,1,15
2019-01-16,274,Wednesday,20995,5127,874,2019,1,16
2019-01-17,274,Thursday,23240,5549,786,2019,1,17
2019-01-18,274,Friday,26417,6664,907,2019,1,18
2019-01-19,274,Saturday,21695,5513,732,2019,1,19
2019-01-20,274,Sunday,15896,3940,468,2019,1,20
2019-01-21,274,Monday,25112,6086,825,2019,1,21
2019-01-22,274,Tuesday,20809,5206,760,2019,1,22
2019-01-23,274,Wednesday,20785,5274,866,2019,1,23
2019-01-24,274,Thursday,26284,6582,876,2019,1,24
2019-01-25,274,Friday,17864,4435,553,2019,1,25
2019-01-26,274,Saturday,21402,5136,675,2019,1,26
2019-01-27,274,Sunday,8871,2088,292,2019,1,27
2019-01-28,274,Monday,23962,5918,842,2019,1,28
2019-01-29,274,Tuesday,24334,5961,846,2019,1,29
2019-01-30,274,Wednesday,20164,5202,856,2019,1,30
2019-01-31,274,Thursday,28041,7623,966,2019,1,31
2019-02-01,274,Friday,28920,7622,959,2019,2,1
2019-02-02,274,Saturday,8937,1961,289,2019,2,2
2019-02-04,274,Monday,17,6,4,2019,2,4
2019-05-27,274,Monday,0,6,6,2019,5,27
2019-05-28,274,Tuesday,0,4,4,2019,5,28
2019-05-30,274,Thursday,31142,7622,871,2019,5,30
2019-05-31,274,Friday,32160,7807,1036,2019,5,31
2019-06-01,274,Saturday,31865,7651,863,2019,6,1
2019-06-02,274,Sunday,19938,4517,524,2019,6,2
2019-06-03,274,Monday,25388,6166,837,2019,6,3
2019-06-04,274,Tuesday,28000,6992,940,2019,6,4
2019-06-05,274,Wednesday,20609,4968,785,2019,6,5
2019-06-06,274,Thursday,27974,6513,904,2019,6,6
2019-06-07,274,Friday,23540,5900,896,2019,6,7
2019-06-08,274,Saturday,27817,6513,816,2019,6,8
2019-06-09,274,Sunday,18403,4209,519,2019,6,9
2019-06-10,274,Monday,23422,5410,795,2019,6,10
2019-06-11,274,Tuesday,23340,5880,888,2019,6,11
2019-06-12,274,Wednesday,14920,3787,676,2019,6,12
2019-06-13,274,Thursday,20788,5168,835,2019,6,13
2019-06-14,274,Friday,24691,6037,864,2019,6,14
2019-06-15,274,Saturday,23912,5860,813,2019,6,15
2019-06-16,274,Sunday,16828,4158,496,2019,6,16
2019-06-17,274,Monday,21835,5034,768,2019,6,17
2019-06-18,274,Tuesday,21103,5036,783,2019,6,18
2019-06-19,274,Wednesday,15733,4080,786,2019,6,19
2019-06-20,274,Thursday,19317,4404,580,2019,6,20
2019-06-21,274,Friday,21912,5350,833,2019,6,21
2019-06-22,274,Saturday,19295,4980,702,2019,6,22
2019-06-23,274,Sunday,14943,3676,473,2019,6,23
2019-06-24,274,Monday,21447,5112,813,2019,6,24
2019-06-25,274,Tuesday,20438,5095,787,2019,6,25
2019-06-26,274,Wednesday,17263,4171,768,2019,6,26
2019-06-27,274,Thursday,20822,5370,827,2019,6,27
2019-06-28,274,Friday,23022,5420,833,2019,6,28
2019-06-29,274,Saturday,22928,5223,712,2019,6,29
2019-06-30,274,Sunday,18325,4265,515,2019,6,30
2019-07-01,274,Monday,21226,4906,770,2019,7,1
2019-07-02,274,Tuesday,22203,5609,803,2019,7,2
2019-07-03,274,Wednesday,16810,4228,727,2019,7,3
2019-07-04,274,Thursday,17076,4049,584,2019,7,4
2019-07-05,274,Friday,22603,5540,789,2019,7,5
2019-07-06,274,Saturday,22414,5471,767,2019,7,6
2019-07-07,274,Sunday,14889,3629,456,2019,7,7
2019-07-08,274,Monday,18922,4694,685,2019,7,8
2019-07-09,274,Tuesday,17242,4206,531,2019,7,9
2019-07-10,274,Wednesday,16558,4080,779,2019,7,10
2019-07-11,274,Thursday,20140,5328,785,2019,7,11
2019-07-12,274,Friday,20967,5574,805,2019,7,12
2019-07-13,274,Saturday,20783,5365,709,2019,7,13
2019-07-14,274,Sunday,16697,3883,491,2019,7,14
2019-07-15,274,Monday,18545,4629,706,2019,7,15
2019-07-16,274,Tuesday,20288,5517,812,2019,7,16
2019-07-17,274,Wednesday,18512,4733,834,2019,7,17
2019-07-18,274,Thursday,21842,5324,801,2019,7,18
2019-07-19,274,Friday,21065,5272,798,2019,7,19
2019-07-20,274,Saturday,23803,5778,779,2019,7,20
2019-07-21,274,Sunday,15881,3904,503,2019,7,21
2019-07-22,274,Monday,20246,5031,761,2019,7,22
2019-07-23,274,Tuesday,20907,5444,841,2019,7,23
2019-07-24,274,Wednesday,16726,4441,792,2019,7,24
2019-07-25,274,Thursday,23966,5958,894,2019,7,25
2019-07-26,274,Friday,24153,6009,912,2019,7,26
2019-07-27,274,Saturday,24783,5789,782,2019,7,27
2019-07-28,274,Sunday,15896,3869,514,2019,7,28
2019-07-29,274,Monday,21720,5370,825,2019,7,29
2019-07-30,274,Tuesday,20867,5338,812,2019,7,30
2019-07-31,274,Wednesday,18742,4714,825,2019,7,31
2019-08-01,274,Thursday,18924,4529,635,2019,8,1
2019-08-02,274,Friday,24152,6198,909,2019,8,2
2019-08-03,274,Saturday,24661,6023,752,2019,8,3
2019-08-04,274,Sunday,17930,4350,507,2019,8,4
2019-08-05,274,Monday,25024,5881,822,2019,8,5
2019-08-06,274,Tuesday,24272,6113,898,2019,8,6
2019-08-07,274,Wednesday,20408,5139,879,2019,8,7
2019-08-08,274,Thursday,27501,6908,996,2019,8,8
2019-08-09,274,Friday,24257,6050,882,2019,8,9
2019-08-10,274,Saturday,25957,6303,825,2019,8,10
2019-08-11,274,Sunday,16049,3927,478,2019,8,11
2019-08-12,274,Monday,20446,5070,693,2019,8,12
2019-08-13,274,Tuesday,21871,5607,837,2019,8,13
2019-08-14,274,Wednesday,17729,4497,798,2019,8,14
2019-08-15,274,Thursday,24891,5913,937,2019,8,15
2019-08-16,274,Friday,26977,6529,939,2019,8,16
2019-08-17,274,Saturday,27003,6059,822,2019,8,17
2019-08-18,274,Sunday,19772,4444,542,2019,8,18
2019-08-19,274,Monday,21208,4926,780,2019,8,19
2019-08-20,274,Tuesday,24558,5920,910,2019,8,20
2019-08-21,274,Wednesday,20172,5102,853,2019,8,21
2019-08-22,274,Thursday,24289,5860,923,2019,8,22
2019-08-23,274,Friday,27122,6485,946,2019,8,23
2019-08-24,274,Saturday,24643,5901,784,2019,8,24
2019-08-25,274,Sunday,19947,4410,559,2019,8,25
2019-08-26,274,Monday,21222,5183,822,2019,8,26
2019-08-27,274,Tuesday,21170,5437,862,2019,8,27
2019-08-28,274,Wednesday,18492,4744,870,2019,8,28
2019-08-29,274,Thursday,26998,6450,949,2019,8,29
2019-08-30,274,Friday,25424,6110,930,2019,8,30
2019-08-31,274,Saturday,27002,5979,773,2019,8,31
2019-09-01,274,Sunday,18222,4006,454,2019,9,1
2019-09-02,274,Monday,15439,3510,548,2019,9,2
2019-09-03,274,Tuesday,23058,5631,822,2019,9,3
2019-09-04,274,Wednesday,17917,4533,797,2019,9,4
2019-09-05,274,Thursday,23638,5625,893,2019,9,5
2019-09-06,274,Friday,26994,6509,877,2019,9,6
2019-09-07,274,Saturday,25839,6228,757,2019,9,7
2019-09-08,274,Sunday,18263,4043,531,2019,9,8
2019-09-09,274,Monday,21846,5172,808,2019,9,9
2019-09-10,274,Tuesday,33737,8237,959,2019,9,10
2019-09-11,274,Wednesday,23177,5941,872,2019,9,11
2019-09-12,274,Thursday,42546,10361,972,2019,9,12
2019-09-13,274,Friday,42723,10542,970,2019,9,13
2019-09-14,274,Saturday,43201,11080,852,2019,9,14
2019-09-15,274,Sunday,34359,7931,612,2019,9,15
2019-09-16,274,Monday,36781,8946,911,2019,9,16
2019-09-17,274,Tuesday,39120,9754,964,2019,9,17
2019-09-18,274,Wednesday,21076,5472,821,2019,9,18
2019-09-19,274,Thursday,40266,9908,967,2019,9,19
2019-09-20,274,Friday,34076,8530,954,2019,9,20
2019-09-21,274,Saturday,44306,11317,901,2019,9,21
2019-09-22,274,Sunday,28456,7152,535,2019,9,22
2019-09-23,274,Monday,36829,8446,920,2019,9,23
2019-09-24,274,Tuesday,25270,6563,789,2019,9,24
2019-09-25,274,Wednesday,25152,6444,905,2019,9,25
2019-09-26,274,Thursday,40733,10508,1012,2019,9,26
2019-09-27,274,Friday,37545,9724,1010,2019,9,27
2019-09-28,274,Saturday,37319,9739,822,2019,9,28
2019-09-29,274,Sunday,28480,7037,564,2019,9,29
2019-09-30,274,Monday,34186,7924,855,2019,9,30
2019-10-01,274,Tuesday,33294,8159,932,2019,10,1
2019-10-02,274,Wednesday,26017,6646,900,2019,10,2
2019-10-03,274,Thursday,40832,9941,997,2019,10,3
2019-10-04,274,Friday,39117,10062,993,2019,10,4
2019-10-05,274,Saturday,39864,10031,900,2019,10,5
2019-10-06,274,Sunday,33154,8186,623,2019,10,6
2019-10-07,274,Monday,39539,9478,889,2019,10,7
2019-10-08,274,Tuesday,34073,8362,860,2019,10,8
2019-10-09,274,Wednesday,25692,6441,918,2019,10,9
2019-10-10,274,Thursday,41741,10541,982,2019,10,10
2019-10-11,274,Friday,39924,9784,970,2019,10,11
2019-10-12,274,Saturday,37541,9367,760,2019,10,12
2019-10-13,274,Sunday,32150,7578,618,2019,10,13
2019-10-14,274,Monday,34077,8238,844,2019,10,14
2019-10-15,274,Tuesday,36618,9147,894,2019,10,15
2019-10-16,274,Wednesday,26134,6732,855,2019,10,16
2019-10-17,274,Thursday,47946,12372,1038,2019,10,17
2019-10-18,274,Friday,47673,12018,993,2019,10,18
2019-10-19,274,Saturday,47271,12181,889,2019,10,19
2019-10-20,274,Sunday,30014,7132,582,2019,10,20
2019-10-21,274,Monday,32285,7820,854,2019,10,21
2019-10-22,274,Tuesday,42858,10504,941,2019,10,22
2019-10-23,274,Wednesday,25355,6551,907,2019,10,23
2019-10-24,274,Thursday,44007,11048,1023,2019,10,24
2019-10-25,274,Friday,45272,11843,1060,2019,10,25
2019-10-26,274,Saturday,41364,10593,885,2019,10,26
2019-10-27,274,Sunday,30804,7705,591,2019,10,27
2019-10-28,274,Monday,33999,8131,867,2019,10,28
2019-10-29,274,Tuesday,37203,9327,977,2019,10,29
2019-10-30,274,Wednesday,26749,6735,895,2019,10,30
2019-10-31,274,Thursday,46645,11384,1012,2019,10,31
2019-11-01,274,Friday,44231,11313,1043,2019,11,1
2019-11-02,274,Saturday,45063,11351,831,2019,11,2
2019-11-03,274,Sunday,37369,8977,652,2019,11,3
2019-11-04,274,Monday,35989,8363,884,2019,11,4
2019-11-05,274,Tuesday,34763,8620,939,2019,11,5
2019-11-06,274,Wednesday,27447,6713,920,2019,11,6
2019-11-07,274,Thursday,46648,11627,1097,2019,11,7
2019-11-08,274,Friday,42307,10671,1032,2019,11,8
2019-11-09,274,Saturday,46811,11255,876,2019,11,9
2019-11-10,274,Sunday,38298,9333,658,2019,11,10
2019-11-11,274,Monday,35588,8313,869,2019,11,11
2019-11-12,274,Tuesday,34279,8456,939,2019,11,12
2019-11-13,274,Wednesday,26200,6585,883,2019,11,13
2019-11-14,274,Thursday,41677,10327,1053,2019,11,14
2019-11-15,274,Friday,33275,7756,585,2019,11,15
2019-11-16,274,Saturday,38944,9533,872,2019,11,16
2019-11-17,274,Sunday,27397,6570,568,2019,11,17
2019-11-18,274,Monday,35351,8397,889,2019,11,18
2019-11-19,274,Tuesday,33188,8102,928,2019,11,19
2019-11-20,274,Wednesday,27204,6247,724,2019,11,20
2019-11-21,274,Thursday,36888,9202,1028,2019,11,21
2019-11-22,274,Friday,42370,10301,1051,2019,11,22
2019-11-23,274,Saturday,39128,9644,855,2019,11,23
2019-11-24,274,Sunday,33573,7983,644,2019,11,24
2019-11-25,274,Monday,36406,8687,907,2019,11,25
2019-11-26,274,Tuesday,32327,8213,953,2019,11,26
2019-11-27,274,Wednesday,20292,5041,840,2019,11,27
2019-11-28,274,Thursday,61066,13468,1175,2019,11,28
2019-11-29,274,Friday,58582,12585,1183,2019,11,29
2019-11-30,274,Saturday,43350,10493,862,2019,11,30
2019-12-01,274,Sunday,32210,7509,579,2019,12,1
2019-12-02,274,Monday,33001,7908,861,2019,12,2
2019-12-03,274,Tuesday,35723,8834,980,2019,12,3
2019-12-04,274,Wednesday,27011,6189,910,2019,12,4
2019-12-05,274,Thursday,41472,9679,1018,2019,12,5
2019-12-06,274,Friday,48125,11273,1130,2019,12,6
2019-12-07,274,Saturday,47166,10911,935,2019,12,7
2019-12-08,274,Sunday,34622,8060,649,2019,12,8
2019-12-09,274,Monday,35072,7639,793,2019,12,9
2019-12-10,274,Tuesday,34362,7697,875,2019,12,10
2019-12-11,274,Wednesday,25064,5656,859,2019,12,11
2019-12-12,274,Thursday,45274,10707,1078,2019,12,12
2019-12-13,274,Friday,43100,9982,989,2019,12,13
2019-12-14,274,Saturday,44418,10703,869,2019,12,14
2019-12-15,274,Sunday,32098,7046,649,2019,12,15
2019-12-16,274,Monday,29284,6498,842,2019,12,16
2019-12-17,274,Tuesday,38020,8516,939,2019,12,17
2019-12-18,274,Wednesday,25349,5670,840,2019,12,18
2019-12-19,274,Thursday,46596,10921,1029,2019,12,19
2019-12-20,274,Friday,43813,10442,998,2019,12,20
2019-12-21,274,Saturday,49261,11426,962,2019,12,21
2019-12-22,274,Sunday,39238,8970,726,2019,12,22
2019-12-23,274,Monday,46771,10118,983,2019,12,23
2019-12-24,274,Tuesday,35314,7962,864,2019,12,24
2019-12-26,274,Thursday,33086,7631,848,2019,12,26
2019-12-27,274,Friday,35874,8397,892,2019,12,27
2019-12-28,274,Saturday,34774,7875,744,2019,12,28
2019-12-29,274,Sunday,20602,4660,456,2019,12,29
2019-12-30,274,Monday,34218,7797,804,2019,12,30
2019-12-31,274,Tuesday,25078,6173,624,2019,12,31
2020-01-02,274,Thursday,27404,6384,681,2020,1,2
2020-01-03,274,Friday,34026,8038,759,2020,1,3
2020-01-04,274,Saturday,34190,7595,715,2020,1,4
2020-01-05,274,Sunday,31068,6848,567,2020,1,5
2020-01-06,274,Monday,42178,9350,910,2020,1,6
2020-01-07,274,Tuesday,34042,8317,921,2020,1,7
2020-01-08,274,Wednesday,22711,5372,790,2020,1,8
2020-01-09,274,Thursday,48385,11278,1048,2020,1,9
2020-01-10,274,Friday,42640,10538,972,2020,1,10
2020-01-11,274,Saturday,42232,10400,872,2020,1,11
2020-01-12,274,Sunday,35828,7829,575,2020,1,12
2020-01-13,274,Monday,33128,7304,847,2020,1,13
2020-01-14,274,Tuesday,34267,7858,944,2020,1,14
2020-01-15,274,Wednesday,28030,6545,863,2020,1,15
2020-01-16,274,Thursday,34789,8041,899,2020,1,16
2020-01-17,274,Friday,30586,6964,714,2020,1,17
2020-01-18,274,Saturday,39560,8776,827,2020,1,18
2020-01-19,274,Sunday,35026,7576,644,2020,1,19
2020-01-20,274,Monday,35480,7548,913,2020,1,20
2020-01-21,274,Tuesday,33993,7819,947,2020,1,21
2020-01-22,274,Wednesday,26926,6115,887,2020,1,22
2020-01-23,274,Thursday,38241,8437,950,2020,1,23
2020-01-24,274,Friday,36762,8035,887,2020,1,24
2020-01-25,274,Saturday,40766,8611,767,2020,1,25
2020-01-26,274,Sunday,33816,7129,602,2020,1,26
2020-01-27,274,Monday,32022,7186,811,2020,1,27
2020-01-28,274,Tuesday,37751,8403,928,2020,1,28
2020-01-29,274,Wednesday,25146,5718,890,2020,1,29
2020-01-30,274,Thursday,41066,9390,931,2020,1,30
2020-01-31,274,Friday,47472,10548,1001,2020,1,31
2020-02-01,274,Saturday,41232,9010,750,2020,2,1
2020-02-02,274,Sunday,37886,7913,575,2020,2,2
2020-02-03,274,Monday,33537,7039,729,2020,2,3
2020-02-04,274,Tuesday,40547,9050,983,2020,2,4
2020-02-05,274,Wednesday,29906,6574,866,2020,2,5
2020-02-06,274,Thursday,51075,11311,1039,2020,2,6
2020-02-07,274,Friday,46204,10272,982,2020,2,7
2020-02-08,274,Saturday,48125,10293,873,2020,2,8
2020-02-09,274,Sunday,38060,8005,602,2020,2,9
2020-02-10,274,Monday,39865,8488,812,2020,2,10
2020-02-11,274,Tuesday,41187,8714,992,2020,2,11
2020-02-12,274,Wednesday,26302,6098,943,2020,2,12
2020-02-13,274,Thursday,44649,9640,1003,2020,2,13
2020-02-14,274,Friday,41134,9082,984,2020,2,14
2020-02-15,274,Saturday,44762,10143,925,2020,2,15
2020-02-16,274,Sunday,39199,8478,670,2020,2,16
2020-02-17,274,Monday,38462,8370,872,2020,2,17
2020-02-18,274,Tuesday,36844,8207,951,2020,2,18
2020-02-19,274,Wednesday,23780,5435,868,2020,2,19
2020-02-20,274,Thursday,46438,10318,995,2020,2,20
2020-02-21,274,Friday,51069,11875,1012,2020,2,21
2020-02-22,274,Saturday,43617,10163,843,2020,2,22
2020-02-23,274,Sunday,28051,6221,553,2020,2,23
2020-02-24,274,Monday,29965,6531,681,2020,2,24
2020-02-25,274,Tuesday,26108,6016,577,2020,2,25
2020-02-26,274,Wednesday,26504,5863,777,2020,2,26
2020-02-27,274,Thursday,44778,9456,1002,2020,2,27
2020-02-28,274,Friday,50560,10592,978,2020,2,28
2020-02-29,274,Saturday,44286,9557,884,2020,2,29
2020-03-01,274,Sunday,39087,7942,620,2020,3,1
2020-03-02,274,Monday,39663,7974,808,2020,3,2
2020-03-03,274,Tuesday,38276,9237,978,2020,3,3
2020-03-04,274,Wednesday,29575,6825,935,2020,3,4
2020-03-05,274,Thursday,47477,10643,1046,2020,3,5
2020-03-06,274,Friday,50775,11357,1053,2020,3,6
2020-03-07,274,Saturday,55289,11944,982,2020,3,7
2020-03-08,274,Sunday,35401,7896,630,2020,3,8
2020-03-09,274,Monday,43181,8993,941,2020,3,9
2020-03-10,274,Tuesday,44846,9768,986,2020,3,10
2020-03-11,274,Wednesday,30687,6303,932,2020,3,11
2020-03-12,274,Thursday,77171,15689,1151,2020,3,12
2020-03-13,274,Friday,84889,17150,1160,2020,3,13
2020-03-14,274,Saturday,86623,17632,1104,2020,3,14
2020-03-15,274,Sunday,68175,12973,789,2020,3,15
2020-03-16,274,Monday,84414,17289,1137,2020,3,16
2020-03-17,274,Tuesday,86670,17868,1181,2020,3,17
2020-03-18,274,Wednesday,64870,13822,1032,2020,3,18
2020-03-19,274,Thursday,81285,16790,1051,2020,3,19
2020-03-20,274,Friday,68144,14437,847,2020,3,20
2020-03-21,274,Saturday,54806,11494,635,2020,3,21
2020-03-22,274,Sunday,38218,8125,473,2020,3,22
2020-03-23,274,Monday,31762,6674,506,2020,3,23
2020-03-24,274,Tuesday,30078,6525,457,2020,3,24
2020-03-25,274,Wednesday,23921,5364,546,2020,3,25
2020-03-26,274,Thursday,29319,6318,509,2020,3,26
2020-03-27,274,Friday,34154,7430,533,2020,3,27
2020-03-28,274,Saturday,39479,8318,523,2020,3,28
2020-03-29,274,Sunday,24213,5290,359,2020,3,29
2020-03-30,274,Monday,28361,5965,482,2020,3,30
2020-03-31,274,Tuesday,32841,6713,502,2020,3,31
2020-04-01,274,Wednesday,25144,5528,538,2020,4,1
2020-04-02,274,Thursday,39482,8023,541,2020,4,2
2020-04-03,274,Friday,40992,8620,577,2020,4,3
2020-04-04,274,Saturday,42884,8912,560,2020,4,4
2020-04-05,274,Sunday,30581,6468,444,2020,4,5
2020-04-06,274,Monday,28820,6310,467,2020,4,6
2020-04-07,274,Tuesday,36655,8299,501,2020,4,7
2020-04-08,274,Wednesday,30467,6183,568,2020,4,8
2020-04-09,274,Thursday,49856,10344,645,2020,4,9
2020-04-10,274,Friday,33821,7121,491,2020,4,10
2020-04-11,274,Saturday,38978,8281,548,2020,4,11
2020-04-12,274,Sunday,23707,5047,378,2020,4,12
2020-04-13,274,Monday,26637,5545,458,2020,4,13
2020-04-14,274,Tuesday,37335,8024,531,2020,4,14
2020-04-15,274,Wednesday,28209,6065,583,2020,4,15
2020-04-16,274,Thursday,40542,9070,575,2020,4,16
2020-04-17,274,Friday,43398,9078,589,2020,4,17
2020-04-18,274,Saturday,48504,10129,636,2020,4,18
2020-04-19,274,Sunday,36183,7458,474,2020,4,19
2020-04-20,274,Monday,30866,6234,511,2020,4,20
2020-04-21,274,Tuesday,28568,6088,466,2020,4,21
2020-04-22,274,Wednesday,24581,5349,547,2020,4,22
2020-04-23,274,Thursday,43125,9189,617,2020,4,23
2020-04-24,274,Friday,43615,9281,593,2020,4,24
2020-04-25,274,Saturday,47488,10200,635,2020,4,25
2020-04-26,274,Sunday,35177,7324,506,2020,4,26
2020-04-27,274,Monday,27535,5688,493,2020,4,27
2020-04-28,274,Tuesday,32142,7014,517,2020,4,28
2020-04-29,274,Wednesday,32120,6647,617,2020,4,29
2020-04-30,274,Thursday,44288,9531,644,2020,4,30
2020-05-01,274,Friday,46705,9910,594,2020,5,1
2020-05-02,274,Saturday,48159,10803,625,2020,5,2
2020-05-03,274,Sunday,27328,5716,403,2020,5,3
2020-05-04,274,Monday,30007,6421,522,2020,5,4
2020-05-05,274,Tuesday,34394,7324,534,2020,5,5
2020-05-06,274,Wednesday,25578,5588,559,2020,5,6
2020-05-07,274,Thursday,40041,8413,580,2020,5,7
2020-05-08,274,Friday,45996,9800,636,2020,5,8
2020-05-09,274,Saturday,52094,10950,632,2020,5,9
2020-05-10,274,Sunday,24287,5031,387,2020,5,10
2020-05-11,274,Monday,25643,5374,464,2020,5,11
2020-05-12,274,Tuesday,34347,7331,552,2020,5,12
2020-05-13,274,Wednesday,23214,5234,584,2020,5,13
2020-05-14,274,Thursday,34578,7488,543,2020,5,14
2020-05-15,274,Friday,44121,9479,635,2020,5,15
2020-05-16,274,Saturday,48679,9733,613,2020,5,16
2020-05-17,274,Sunday,31032,6649,437,2020,5,17
2020-05-18,274,Monday,29101,6066,500,2020,5,18
2020-05-19,274,Tuesday,35409,7618,551,2020,5,19
2020-05-20,274,Wednesday,27928,6227,578,2020,5,20
2020-05-21,274,Thursday,41984,8442,573,2020,5,21
2020-05-22,274,Friday,36504,7658,602,2020,5,22
2020-05-23,274,Saturday,42930,9034,579,2020,5,23
2020-05-24,274,Sunday,28835,6093,413,2020,5,24
2020-05-25,274,Monday,31298,6124,445,2020,5,25
2020-05-26,274,Tuesday,33133,6866,535,2020,5,26
2020-05-27,274,Wednesday,15611,3523,444,2020,5,27
2020-05-28,274,Thursday,40575,8526,624,2020,5,28
2020-05-29,274,Friday,39820,8274,597,2020,5,29
2020-05-30,274,Saturday,47859,10118,618,2020,5,30
2020-05-31,274,Sunday,26113,5704,419,2020,5,31
2020-06-01,274,Monday,31495,6524,549,2020,6,1
2020-06-02,274,Tuesday,33637,6702,489,2020,6,2
2020-06-03,274,Wednesday,29287,5979,618,2020,6,3
2020-06-04,274,Thursday,36423,7813,585,2020,6,4
2020-06-05,274,Friday,46132,9568,704,2020,6,5
2020-06-06,274,Saturday,46316,9620,628,2020,6,6
2020-06-07,274,Sunday,30377,6175,432,2020,6,7
2020-06-08,274,Monday,28963,5961,530,2020,6,8
2020-06-09,274,Tuesday,33130,7383,554,2020,6,9
2020-06-10,274,Wednesday,28647,6115,625,2020,6,10
2020-06-11,274,Thursday,38777,7909,617,2020,6,11
2020-06-12,274,Friday,41437,8744,686,2020,6,12
2020-06-13,274,Saturday,37754,7853,612,2020,6,13
2020-06-14,274,Sunday,23186,4898,365,2020,6,14
2020-06-15,274,Monday,28306,6116,535,2020,6,15
2020-06-16,274,Tuesday,32621,7037,579,2020,6,16
2020-06-17,274,Wednesday,26600,5631,635,2020,6,17
2020-06-18,274,Thursday,36207,7679,614,2020,6,18
2020-06-19,274,Friday,43527,8810,675,2020,6,19
2020-06-20,274,Saturday,39343,8384,576,2020,6,20
2020-06-21,274,Sunday,32084,6875,471,2020,6,21
2020-06-22,274,Monday,30590,6791,612,2020,6,22
2020-06-23,274,Tuesday,40109,8662,635,2020,6,23
2020-06-24,274,Wednesday,30384,6699,657,2020,6,24
2020-06-25,274,Thursday,40760,8717,696,2020,6,25
2020-06-26,274,Friday,42692,9182,663,2020,6,26
2020-06-27,274,Saturday,42687,8909,580,2020,6,27
2020-06-28,274,Sunday,32688,6914,452,2020,6,28
2020-06-29,274,Monday,40556,8741,652,2020,6,29
2020-06-30,274,Tuesday,35636,8027,618,2020,6,30
2020-07-01,274,Wednesday,26165,5706,619,2020,7,1
2020-07-02,274,Thursday,44505,8705,667,2020,7,2
2020-07-03,274,Friday,47576,9978,737,2020,7,3
2020-07-04,274,Saturday,52177,10516,700,2020,7,4
2020-07-05,274,Sunday,33203,6778,475,2020,7,5
2020-07-06,274,Monday,32991,6854,633,2020,7,6
2020-07-07,274,Tuesday,35850,7552,644,2020,7,7
2020-07-08,274,Wednesday,32113,6776,704,2020,7,8
2020-07-09,274,Thursday,43159,8948,681,2020,7,9
2020-07-10,274,Friday,48943,9939,744,2020,7,10
2020-07-11,274,Saturday,45730,9960,651,2020,7,11
2020-07-12,274,Sunday,30519,6165,449,2020,7,12
2020-07-13,274,Monday,35452,7303,627,2020,7,13
2020-07-14,274,Tuesday,38483,8225,644,2020,7,14
2020-07-15,274,Wednesday,29338,6402,654,2020,7,15
2020-07-16,274,Thursday,47291,10041,707,2020,7,16
2020-07-17,274,Friday,39552,8403,702,2020,7,17
2020-07-18,274,Saturday,51808,11000,737,2020,7,18
2020-07-19,274,Sunday,30910,6545,485,2020,7,19
2020-07-20,274,Monday,37965,7937,706,2020,7,20
2020-07-21,274,Tuesday,36815,8271,704,2020,7,21
2020-07-22,274,Wednesday,29405,6103,744,2020,7,22
2020-07-23,274,Thursday,41715,8865,703,2020,7,23
2020-07-24,274,Friday,46724,9269,747,2020,7,24
2020-07-25,274,Saturday,52468,10710,704,2020,7,25
2020-07-26,274,Sunday,31415,6523,476,2020,7,26
2020-07-27,274,Monday,41203,8354,701,2020,7,27
2020-07-28,274,Tuesday,36954,8016,688,2020,7,28
2020-07-29,274,Wednesday,28442,6191,696,2020,7,29
2020-07-30,274,Thursday,46020,9513,740,2020,7,30
2020-07-31,274,Friday,43080,9286,746,2020,7,31